-- phpMyAdmin SQL Dump
-- version 5.2.0
-- https://www.phpmyadmin.net/
--
-- Host: 127.0.0.1
-- Generation Time: Feb 18, 2023 at 11:47 PM
-- Server version: 10.4.24-MariaDB
-- PHP Version: 8.1.6

SET SQL_MODE = "NO_AUTO_VALUE_ON_ZERO";
START TRANSACTION;
SET time_zone = "+00:00";


/*!40101 SET @OLD_CHARACTER_SET_CLIENT=@@CHARACTER_SET_CLIENT */;
/*!40101 SET @OLD_CHARACTER_SET_RESULTS=@@CHARACTER_SET_RESULTS */;
/*!40101 SET @OLD_COLLATION_CONNECTION=@@COLLATION_CONNECTION */;
/*!40101 SET NAMES utf8mb4 */;

--
-- Database: `hushanproject`
--

-- --------------------------------------------------------

--
-- Table structure for table `arrearstable`
--

CREATE TABLE `arrearstable` (
  `customerID` int(10) NOT NULL,
  `arrears` double NOT NULL
) ENGINE=InnoDB DEFAULT CHARSET=utf8mb4;

--
-- Dumping data for table `arrearstable`
--

INSERT INTO `arrearstable` (`customerID`, `arrears`) VALUES
(1, 0),
(2, 0),
(3, 0),
(4, 0),
(5, 0),
(6, 0),
(7, 0),
(8, 0),
(9, 0),
(10, 0),
(11, 0),
(12, 0),
(13, 0),
(14, 0),
(15, 0),
(16, 0),
(17, 0),
(18, 0),
(19, 0),
(20, 0),
(21, 0),
(22, 0),
(23, 0),
(24, 0),
(25, 0),
(26, 0),
(27, 0),
(28, 0),
(29, 0),
(30, 0),
(31, 0),
(32, 0),
(33, 0),
(34, 0),
(35, 0),
(36, 0),
(37, 0),
(38, 0),
(39, 0),
(40, 0),
(41, 0),
(42, 0),
(43, 0),
(44, 0),
(45, 0),
(46, 0),
(47, 0),
(48, 0),
(49, 0),
(50, 0),
(51, 0),
(52, 0),
(53, 0),
(54, 0),
(55, 0),
(56, 0),
(57, 0),
(58, 0),
(59, 0),
(60, 0),
(61, 0),
(62, 0),
(63, 0),
(64, 0),
(65, 0),
(66, 0),
(67, 0),
(68, 0),
(69, 0),
(70, 0),
(71, 0),
(72, 0),
(73, 0),
(74, 0),
(75, 0);

-- --------------------------------------------------------

--
-- Table structure for table `customer`
--

CREATE TABLE `customer` (
  `customerID` int(10) NOT NULL,
  `customerName` varchar(300) NOT NULL,
  `customerAddr` varchar(300) NOT NULL,
  `customerPhoneNo` int(10) NOT NULL
) ENGINE=InnoDB DEFAULT CHARSET=utf8mb4;

--
-- Dumping data for table `customer`
--

INSERT INTO `customer` (`customerID`, `customerName`, `customerAddr`, `customerPhoneNo`) VALUES
(1, 'J. Sisira', '', 0),
(2, 'M. Rupasinghe', '', 0),
(3, 'S. A. Asanka', '', 0),
(4, 'W. A. Ariyawathi', '', 0),
(5, 'S. Raj', '', 0),
(6, 'Chaminda', '', 0),
(7, 'Kumara', '', 0),
(8, 'Harshani', '', 0),
(9, 'H. A. C. Thushara', '', 0),
(10, 'Lakshman', '', 0),
(11, 'B. D. Gunadasa', '', 0),
(12, 'G. H. Amarasiri', '', 0),
(13, 'Thushari', '', 0),
(14, 'M. A. Sirisena', '', 0),
(15, 'Kamalawathi', '', 0),
(16, 'Wijesoma', '', 0),
(17, 'W. K. Wijesena', '', 0),
(18, 'M. C. Karunarathne', '', 0),
(19, 'Priyanthi', '', 0),
(20, 'B. Sirimawathi', '', 0),
(21, 'W. K. Swarnalatha', '', 0),
(22, 'D. Shiromala', '', 0),
(23, 'S. Withana', '', 0),
(24, 'W. K. Siril', '', 0),
(25, 'R. D. Krishantha', '', 0),
(26, 'M. A. I. Malkanthi', '', 0),
(27, 'R. D. Niroshan', '', 0),
(28, 'K. A. Karunawathi', '', 0),
(29, 'Lankananda', '', 0),
(30, 'P. G. Shilani', '', 0),
(31, 'Nadeesha', '', 0),
(32, 'Malinda', '', 0),
(33, 'T. Deepani', '', 0),
(34, 'I. Kulathilaka', '', 0),
(35, 'Prabhath', '', 0),
(36, 'Manjuka', '', 0),
(37, 'Rasika', '', 0),
(38, 'Ranitha', '', 0),
(39, 'Bennett', '', 0),
(40, 'Chandrasiri', '', 0),
(41, 'N. Udayangani', '', 0),
(42, 'I. Arabbada', '', 0),
(43, 'B. Lalitha', '', 0),
(44, 'B. V. Manju', '', 0),
(45, 'Wasanthalal', '', 0),
(46, 'Shiranthi', '', 0),
(47, 'Chandradasa', '', 0),
(48, 'H. A. Neela', '', 0),
(49, 'Damsith', '', 0),
(50, 'H. P. Kaveesha', '', 0),
(51, 'D. Jayalath', '', 0),
(52, 'Rashmi', '', 0),
(53, 'Lasantha', '', 0),
(54, 'W. K. Karunathilake', '', 0),
(55, 'U. D. Mallika', '', 0),
(56, 'C. Mallika', '', 0),
(57, 'Amarasiri', '', 0),
(58, 'Sunil', '', 0),
(59, 'K. K. Vinitha', '', 0),
(60, 'M. B. S. Kumara', '', 0),
(61, 'Gamini', '', 0),
(62, 'J. A. Janaka', '', 0),
(63, 'D. Jayalath', '', 0),
(64, 'Dammika Palathawana', '', 0),
(65, 'G. N. Priyadarshani', '', 0),
(66, 'H. A. Dayananda', '', 0),
(67, 'S. Hemantha', '', 0),
(68, 'B. Medani', '', 0),
(69, 'Hemalatha', '', 0),
(70, 'Oshani', '', 0),
(71, 'C. Viraj', '', 0),
(72, 'M. A. Chandrawathi', '', 0),
(73, 'S. A. Ariyarathne', '', 0),
(74, 'U. V. Lionel', '', 0),
(75, 'Chanaka', '', 0),
(76, 'G. D. Sarath', '', 0),
(77, 'Ruwan', '', 0);

-- --------------------------------------------------------

--
-- Table structure for table `invoicetable`
--

CREATE TABLE `invoicetable` (
  `invoiceNumber` int(11) NOT NULL,
  `customerID` int(11) NOT NULL
) ENGINE=InnoDB DEFAULT CHARSET=utf8mb4;

-- --------------------------------------------------------

--
-- Table structure for table `loginpassword`
--

CREATE TABLE `loginpassword` (
  `pwid` int(11) NOT NULL,
  `pw` varchar(100) NOT NULL
) ENGINE=InnoDB DEFAULT CHARSET=utf8mb4;

--
-- Dumping data for table `loginpassword`
--

INSERT INTO `loginpassword` (`pwid`, `pw`) VALUES
(1, '1111');

-- --------------------------------------------------------

--
-- Table structure for table `loginreport`
--

CREATE TABLE `loginreport` (
  `loginID` int(11) NOT NULL,
  `date` date NOT NULL,
  `logintime` time NOT NULL,
  `logouttime` time NOT NULL
) ENGINE=InnoDB DEFAULT CHARSET=utf8mb4;

--
-- Dumping data for table `loginreport`
--

INSERT INTO `loginreport` (`loginID`, `date`, `logintime`, `logouttime`) VALUES
(1, '2023-02-05', '09:12:26', '10:12:26'),
(2, '2023-02-05', '19:30:51', '11:39:50'),
(3, '2023-02-05', '19:36:39', '00:00:00'),
(4, '2023-02-05', '19:41:41', '00:00:00'),
(5, '2023-02-06', '11:39:54', '12:52:16'),
(6, '2023-02-06', '12:52:26', '12:52:54'),
(7, '2023-02-06', '12:52:58', '12:57:24'),
(8, '2023-02-06', '12:57:27', '12:57:32'),
(9, '2023-02-06', '12:57:35', '13:16:53'),
(10, '2023-02-06', '13:16:56', '13:25:39'),
(11, '2023-02-06', '13:25:42', '12:03:57'),
(12, '2023-02-08', '12:04:11', '17:17:28'),
(13, '2023-02-13', '17:17:47', '06:01:38'),
(14, '2023-02-15', '06:02:22', '06:04:50'),
(15, '2023-02-15', '06:04:52', '06:04:55'),
(16, '2023-02-15', '06:05:00', '06:05:03'),
(17, '2023-02-15', '06:05:07', '15:58:09'),
(18, '2023-02-18', '15:58:16', '17:00:26'),
(19, '2023-02-18', '17:03:31', '17:05:31'),
(20, '2023-02-18', '17:05:53', '20:58:35');

-- --------------------------------------------------------

--
-- Table structure for table `settingspagetable`
--

CREATE TABLE `settingspagetable` (
  `teaPacketPrice` double NOT NULL,
  `lastUpdateDate` date NOT NULL,
  `lastUpdateTime` time NOT NULL,
  `pk` int(1) NOT NULL,
  `monthlyTeaRate` double NOT NULL,
  `monthlyBLRate` double NOT NULL
) ENGINE=InnoDB DEFAULT CHARSET=utf8mb4;

--
-- Dumping data for table `settingspagetable`
--

INSERT INTO `settingspagetable` (`teaPacketPrice`, `lastUpdateDate`, `lastUpdateTime`, `pk`, `monthlyTeaRate`, `monthlyBLRate`) VALUES
(750, '2023-02-14', '02:01:15', 0, 246, 0);

-- --------------------------------------------------------

--
-- Table structure for table `tealeafcollectreal`
--

CREATE TABLE `tealeafcollectreal` (
  `collectionID` int(11) NOT NULL,
  `customerID` int(10) NOT NULL,
  `date` date NOT NULL,
  `totalWeight` double NOT NULL,
  `waterWeight` double NOT NULL,
  `Bleaf` double NOT NULL,
  `advance` double NOT NULL,
  `transport` double NOT NULL,
  `teaPackets` int(11) NOT NULL,
  `fertilizer` double NOT NULL,
  `other` double NOT NULL,
  `netWeight` double NOT NULL,
  `after4` double NOT NULL,
  `chargeforTeaPackets` double NOT NULL
) ENGINE=InnoDB DEFAULT CHARSET=utf8mb4;

--
-- Dumping data for table `tealeafcollectreal`
--

INSERT INTO `tealeafcollectreal` (`collectionID`, `customerID`, `date`, `totalWeight`, `waterWeight`, `Bleaf`, `advance`, `transport`, `teaPackets`, `fertilizer`, `other`, `netWeight`, `after4`, `chargeforTeaPackets`) VALUES
(1, 1, '2023-01-07', 48, 0, 0, 0, 0, 0, 0, 0, 48, 46, 0),
(2, 1, '2023-01-12', 9, 0, 0, 0, 0, 0, 0, 0, 9, 9, 0),
(3, 1, '2023-01-16', 51, 0, 0, 0, 0, 0, 0, 0, 51, 49, 0),
(4, 1, '2023-01-22', 11, 0, 0, 0, 0, 0, 0, 0, 11, 11, 0),
(5, 1, '2023-01-26', 38, 0, 0, 0, 0, 0, 0, 0, 38, 36, 0),
(6, 1, '2023-01-30', 11, 0, 0, 1500, 0, 0, 0, 0, 11, 11, 0),
(7, 2, '2023-01-03', 27, 1, 0, 0, 0, 0, 0, 0, 26, 26, 0),
(8, 2, '2023-01-04', 19, 0, 0, 0, 0, 0, 0, 0, 19, 18, 0),
(9, 2, '2023-01-05', 25, 0, 0, 0, 0, 0, 0, 0, 25, 24, 0),
(10, 2, '2023-01-08', 0, 0, 0, 0, 0, 0, 9000, 0, 0, 0, 0),
(11, 2, '2023-01-28', 28, 0, 0, 0, 0, 0, 0, 0, 28, 27, 0),
(13, 2, '2023-01-30', 27, 0, 0, 0, 0, 0, 0, 0, 27, 26, 0),
(14, 2, '2023-01-31', 31, 0, 0, 5650, 0, 0, 0, 0, 31, 30, 0),
(15, 2, '2023-01-07', 25, 0, 0, 5500, 0, 0, 0, 0, 25, 24, 0),
(16, 2, '2023-01-09', 0, 0, 0, 0, 0, 0, 0, 3600, 0, 0, 0),
(17, 2, '2023-01-29', 27, 0, 0, 0, 0, 1, 0, 0, 27, 26, 750),
(18, 4, '2023-01-08', 21, 0, 0, 0, 0, 0, 0, 0, 21, 20, 0),
(19, 4, '2023-01-20', 13, 0, 0, 0, 0, 0, 0, 0, 13, 12, 0),
(20, 4, '2023-01-30', 11, 0, 0, 0, 0, 0, 0, 0, 11, 11, 0),
(21, 5, '2023-01-15', 90, 0, 0, 0, 0, 0, 0, 0, 90, 86, 0),
(22, 5, '2023-01-26', 34, 0, 0, 0, 0, 0, 0, 0, 34, 33, 0),
(23, 7, '2023-01-12', 10, 0, 0, 0, 0, 0, 0, 0, 10, 10, 0),
(24, 9, '2023-01-07', 11, 0, 0, 0, 0, 0, 0, 0, 11, 11, 0),
(25, 9, '2023-01-21', 15, 0, 0, 0, 0, 0, 0, 0, 15, 14, 0),
(26, 10, '2023-01-01', 13, 0, 0, 0, 0, 0, 0, 0, 13, 12, 0),
(27, 10, '2023-01-14', 15, 0, 0, 0, 0, 0, 0, 0, 15, 14, 0),
(28, 10, '2023-01-15', 16, 0, 0, 0, 0, 0, 0, 0, 16, 15, 0),
(29, 10, '2023-01-16', 14, 0, 0, 0, 0, 0, 0, 0, 14, 13, 0),
(30, 10, '2023-01-21', 0, 0, 0, 1000, 0, 0, 0, 0, 0, 0, 0),
(31, 10, '2023-01-29', 12, 0, 0, 0, 0, 0, 0, 0, 12, 12, 0),
(32, 11, '2023-01-10', 40, 0, 0, 0, 0, 0, 0, 0, 40, 38, 0),
(33, 11, '2023-01-22', 45, 0, 0, 0, 0, 0, 0, 0, 45, 43, 0),
(34, 11, '2023-01-30', 28, 0, 0, 0, 0, 0, 0, 0, 28, 27, 0),
(35, 12, '2023-01-07', 41, 0, 0, 0, 0, 0, 0, 0, 41, 39, 0),
(36, 12, '2023-01-13', 61, 0, 0, 0, 0, 0, 0, 0, 61, 59, 0),
(37, 12, '2023-01-19', 0, 0, 0, 15000, 0, 0, 0, 0, 0, 0, 0),
(38, 12, '2023-01-23', 54, 0, 0, 0, 0, 0, 0, 0, 54, 52, 0),
(39, 12, '2023-01-25', 0, 0, 0, 15000, 0, 0, 0, 0, 0, 0, 0),
(40, 12, '2023-01-26', 44, 1, 0, 0, 0, 0, 0, 0, 43, 42, 0),
(41, 13, '2023-01-16', 14, 0, 0, 0, 0, 0, 0, 0, 14, 13, 0),
(42, 76, '2023-01-01', 13, 0, 0, 0, 0, 0, 0, 0, 13, 12, 0),
(43, 76, '2023-01-09', 24, 0, 0, 0, 0, 0, 0, 0, 24, 23, 0),
(44, 76, '2023-01-10', 17, 0, 0, 0, 0, 0, 0, 0, 17, 16, 0),
(45, 76, '2023-01-11', 10, 0, 0, 0, 0, 0, 0, 0, 10, 10, 0),
(46, 76, '2023-01-14', 19, 0, 0, 0, 0, 0, 0, 0, 19, 18, 0),
(47, 76, '2023-01-21', 21, 0, 0, 0, 0, 0, 0, 0, 21, 20, 0),
(48, 76, '2023-01-22', 25, 0, 0, 0, 0, 0, 0, 0, 25, 24, 0),
(49, 76, '2023-01-23', 21, 0, 0, 0, 0, 0, 0, 0, 21, 20, 0),
(50, 76, '2023-01-24', 0, 0, 0, 5000, 0, 0, 0, 0, 0, 0, 0),
(51, 14, '2023-01-04', 71, 0, 0, 0, 0, 0, 0, 0, 71, 68, 0),
(52, 14, '2023-01-08', 19, 0, 0, 0, 0, 0, 0, 0, 19, 18, 0),
(53, 14, '2023-01-10', 11, 0, 0, 0, 0, 0, 0, 0, 11, 11, 0),
(54, 14, '2023-01-16', 15, 0, 0, 0, 0, 0, 0, 0, 15, 14, 0),
(55, 14, '2023-01-17', 51, 0, 0, 0, 0, 0, 0, 0, 51, 49, 0),
(56, 14, '2023-01-20', 15, 0, 0, 0, 0, 0, 0, 0, 15, 14, 0),
(57, 14, '2023-01-21', 20, 0, 0, 0, 0, 0, 0, 0, 20, 19, 0),
(58, 14, '2023-01-27', 57, 0, 0, 0, 0, 0, 0, 0, 57, 55, 0),
(59, 15, '2023-01-07', 12, 0, 0, 0, 0, 0, 0, 0, 12, 12, 0),
(60, 15, '2023-01-10', 21, 0, 0, 0, 0, 0, 0, 0, 21, 20, 0),
(61, 15, '2023-01-11', 16, 0, 0, 0, 0, 0, 0, 0, 16, 15, 0),
(62, 15, '2023-01-15', 12, 0, 0, 2000, 0, 0, 0, 0, 12, 12, 0),
(63, 15, '2023-01-22', 13, 0, 0, 0, 0, 0, 0, 0, 13, 12, 0),
(64, 15, '2023-01-24', 17, 0, 0, 0, 0, 0, 0, 0, 17, 16, 0),
(65, 15, '2023-01-25', 13, 0, 0, 3000, 0, 0, 0, 0, 13, 12, 0),
(66, 15, '2023-01-29', 12, 0, 0, 0, 0, 0, 0, 0, 12, 12, 0),
(67, 77, '2023-01-17', 10, 0, 0, 0, 0, 0, 0, 0, 10, 10, 0),
(68, 77, '2023-01-31', 12, 0, 0, 0, 0, 0, 0, 0, 12, 12, 0),
(69, 16, '2023-01-10', 35, 0, 0, 0, 0, 0, 0, 0, 35, 34, 0),
(70, 16, '2023-01-11', 16, 0, 0, 0, 0, 0, 0, 0, 16, 15, 0),
(71, 16, '2023-01-16', 10, 0, 0, 0, 0, 0, 0, 0, 10, 10, 0),
(72, 16, '2023-01-20', 44, 0, 0, 0, 0, 0, 0, 0, 44, 42, 0),
(73, 16, '2023-01-22', 16, 0, 0, 0, 0, 0, 0, 0, 16, 15, 0),
(74, 16, '2023-01-31', 63, 0, 0, 0, 0, 0, 0, 0, 63, 60, 0),
(75, 17, '2023-01-10', 6, 0, 0, 0, 0, 0, 0, 0, 6, 6, 0),
(76, 17, '2023-01-26', 8, 0, 0, 0, 0, 0, 0, 0, 8, 8, 0),
(77, 18, '2023-01-09', 12, 0, 0, 0, 0, 0, 0, 0, 12, 12, 0),
(78, 18, '2023-01-21', 9, 0, 0, 0, 0, 0, 0, 0, 9, 9, 0),
(79, 18, '2023-01-23', 5, 0, 0, 0, 0, 0, 0, 0, 5, 5, 0),
(80, 18, '2023-01-24', 5, 0, 0, 0, 0, 0, 0, 0, 5, 5, 0),
(81, 19, '2023-01-20', 7, 0, 0, 0, 0, 0, 0, 0, 7, 7, 0),
(82, 19, '2023-01-24', 5, 0, 0, 0, 0, 0, 0, 0, 5, 5, 0),
(83, 20, '2023-01-05', 16, 0, 0, 0, 0, 0, 0, 0, 16, 15, 0),
(84, 20, '2023-01-11', 18, 0, 0, 0, 0, 0, 0, 0, 18, 17, 0),
(85, 20, '2023-01-15', 13, 0, 0, 0, 0, 0, 0, 0, 13, 12, 0),
(86, 20, '2023-01-19', 6, 0, 0, 0, 0, 0, 0, 0, 6, 6, 0),
(87, 20, '2023-01-30', 14, 0, 0, 0, 0, 0, 0, 0, 14, 13, 0),
(88, 21, '2023-01-13', 14, 0, 0, 0, 0, 0, 0, 0, 14, 13, 0),
(89, 21, '2023-01-14', 14, 0, 0, 0, 0, 0, 0, 0, 14, 13, 0),
(90, 21, '2023-01-26', 23, 0, 0, 0, 0, 0, 0, 0, 23, 22, 0),
(91, 22, '2023-01-09', 23, 0, 0, 0, 0, 0, 0, 0, 23, 22, 0),
(92, 22, '2023-01-19', 21, 0, 0, 0, 0, 0, 0, 0, 21, 20, 0),
(93, 22, '2023-01-30', 37, 0, 0, 0, 0, 0, 0, 0, 37, 36, 0),
(94, 23, '2023-01-05', 42, 0, 0, 0, 0, 0, 0, 0, 42, 40, 0),
(95, 23, '2023-01-08', 22, 0, 0, 0, 0, 0, 0, 0, 22, 21, 0),
(96, 23, '2023-01-15', 20, 0, 0, 0, 0, 0, 0, 0, 20, 19, 0),
(97, 23, '2023-01-17', 25, 0, 0, 0, 0, 0, 0, 0, 25, 24, 0),
(98, 23, '2023-01-29', 44, 0, 0, 0, 0, 0, 6875, 0, 44, 42, 0),
(99, 24, '2023-01-04', 27, 0, 0, 0, 0, 0, 0, 0, 27, 26, 0),
(100, 24, '2023-01-15', 27, 0, 0, 0, 0, 0, 0, 0, 27, 26, 0),
(101, 24, '2023-01-27', 27, 0, 0, 0, 0, 0, 0, 0, 27, 26, 0),
(102, 25, '2023-01-01', 9, 0, 0, 0, 0, 0, 0, 0, 9, 9, 0),
(103, 25, '2023-01-15', 18, 0, 0, 0, 0, 0, 0, 0, 18, 17, 0),
(104, 25, '2023-01-29', 21, 0, 0, 0, 0, 0, 0, 0, 21, 20, 0),
(105, 26, '2023-01-09', 9, 0, 0, 0, 0, 0, 0, 0, 9, 9, 0),
(106, 26, '2023-01-24', 10, 0, 0, 0, 0, 0, 0, 0, 10, 10, 0),
(107, 26, '2023-01-30', 5, 0, 0, 0, 0, 0, 0, 0, 5, 5, 0),
(108, 27, '2023-01-12', 14, 0, 0, 0, 0, 0, 0, 0, 14, 13, 0),
(109, 27, '2023-01-29', 10, 0, 0, 0, 0, 0, 0, 0, 10, 10, 0),
(110, 28, '2023-01-05', 2, 0, 0, 0, 0, 0, 0, 0, 2, 2, 0),
(111, 28, '2023-01-12', 3, 0, 0, 0, 0, 0, 0, 0, 3, 3, 0),
(112, 28, '2023-01-17', 5, 0, 0, 0, 0, 0, 0, 0, 5, 5, 0),
(113, 28, '2023-01-25', 3, 0, 0, 0, 0, 0, 0, 0, 3, 3, 0),
(114, 29, '2023-01-10', 25, 0, 0, 0, 0, 0, 0, 0, 25, 24, 0),
(115, 29, '2023-01-21', 20, 0, 0, 0, 0, 0, 0, 0, 20, 19, 0),
(116, 29, '2023-01-30', 13, 0, 0, 0, 0, 0, 0, 0, 13, 12, 0),
(117, 29, '2023-01-31', 8, 0, 0, 0, 0, 0, 0, 0, 8, 8, 0),
(118, 30, '2023-01-12', 9, 0, 0, 0, 0, 0, 0, 0, 9, 9, 0),
(119, 30, '2023-01-13', 4, 0, 0, 0, 0, 0, 0, 0, 4, 4, 0),
(120, 30, '2023-01-19', 10, 0, 0, 0, 0, 0, 0, 0, 10, 10, 0),
(121, 30, '2023-01-24', 10, 0, 0, 0, 0, 0, 0, 0, 10, 10, 0),
(122, 31, '2023-01-10', 17, 0, 0, 0, 0, 0, 0, 0, 17, 16, 0),
(123, 31, '2023-01-11', 14, 0, 0, 0, 0, 0, 0, 0, 14, 13, 0),
(124, 31, '2023-01-23', 23, 0, 0, 0, 0, 0, 0, 0, 23, 22, 0),
(125, 31, '2023-01-24', 9, 0, 0, 0, 0, 0, 0, 0, 9, 9, 0),
(126, 32, '2023-01-08', 12, 0, 0, 0, 0, 0, 0, 0, 12, 12, 0),
(127, 32, '2023-01-21', 15, 0, 0, 0, 0, 0, 0, 0, 15, 14, 0),
(128, 32, '2023-01-31', 17, 0, 0, 0, 0, 0, 0, 0, 17, 16, 0),
(129, 33, '2023-01-17', 20, 0, 0, 0, 0, 0, 0, 0, 20, 19, 0),
(130, 34, '2023-01-01', 13, 0, 0, 0, 0, 0, 0, 0, 13, 12, 0),
(131, 34, '2023-01-04', 20, 0, 0, 0, 0, 0, 0, 0, 20, 19, 0),
(132, 34, '2023-01-17', 12, 0, 0, 0, 0, 0, 0, 0, 12, 12, 0),
(133, 34, '2023-01-23', 15, 0, 0, 0, 0, 0, 0, 0, 15, 14, 0),
(134, 34, '2023-01-25', 0, 0, 0, 0, 0, 1, 0, 0, 0, 0, 750),
(135, 35, '2023-01-01', 13, 0, 0, 0, 0, 0, 0, 0, 13, 12, 0),
(136, 35, '2023-01-17', 15, 0, 0, 0, 0, 0, 0, 0, 15, 14, 0),
(137, 35, '2023-01-19', 14, 0, 0, 0, 0, 0, 0, 0, 14, 13, 0),
(138, 35, '2023-01-30', 13, 0, 0, 0, 0, 0, 0, 0, 13, 12, 0),
(139, 56, '2023-01-01', 8, 0, 0, 0, 0, 0, 0, 0, 8, 8, 0),
(140, 56, '2023-01-05', 5, 0, 0, 0, 0, 0, 0, 0, 5, 5, 0),
(141, 56, '2023-01-10', 10, 0, 0, 0, 0, 0, 0, 0, 10, 10, 0),
(142, 56, '2023-01-16', 17, 0, 0, 0, 0, 0, 0, 0, 17, 16, 0),
(143, 56, '2023-01-20', 6, 0, 0, 0, 0, 0, 0, 0, 6, 6, 0),
(144, 56, '2023-01-23', 12, 0, 0, 0, 0, 0, 0, 0, 12, 12, 0),
(145, 56, '2023-01-29', 10, 0, 0, 1000, 0, 0, 0, 0, 10, 10, 0),
(146, 57, '2023-01-08', 12, 0, 0, 0, 0, 0, 0, 0, 12, 12, 0),
(147, 57, '2023-01-20', 14, 0, 0, 2000, 0, 0, 0, 0, 14, 13, 0),
(148, 57, '2023-01-29', 11, 0, 0, 0, 0, 0, 0, 0, 11, 11, 0),
(149, 58, '2023-01-04', 37, 0, 0, 0, 0, 0, 0, 0, 37, 36, 0),
(150, 58, '2023-01-12', 18, 0, 0, 0, 0, 0, 0, 0, 18, 17, 0),
(151, 58, '2023-01-17', 26, 0, 0, 0, 0, 0, 0, 0, 26, 25, 0),
(152, 58, '2023-01-24', 46, 0, 0, 0, 0, 0, 0, 0, 46, 44, 0),
(153, 59, '2023-01-01', 15, 0, 0, 0, 0, 0, 0, 0, 15, 14, 0),
(154, 59, '2023-01-12', 13, 0, 0, 0, 0, 0, 0, 0, 13, 12, 0),
(155, 59, '2023-01-22', 16, 0, 0, 0, 0, 0, 0, 0, 16, 15, 0),
(156, 59, '2023-01-31', 7, 0, 0, 0, 0, 0, 0, 0, 7, 7, 0),
(157, 60, '2023-01-08', 0, 0, 0, 3000, 0, 0, 0, 0, 0, 0, 0),
(158, 60, '2023-01-11', 0, 0, 0, 2000, 0, 0, 0, 0, 0, 0, 0),
(159, 60, '2023-01-12', 20, 0, 0, 0, 0, 0, 0, 0, 20, 19, 0),
(160, 60, '2023-01-13', 20, 0, 0, 2000, 0, 0, 0, 0, 20, 19, 0),
(161, 60, '2023-01-14', 18, 0, 0, 0, 0, 0, 0, 0, 18, 17, 0),
(162, 60, '2023-01-20', 18, 0, 0, 0, 0, 0, 0, 0, 18, 17, 0),
(163, 60, '2023-01-21', 19, 0, 0, 0, 0, 0, 0, 0, 19, 18, 0),
(164, 60, '2023-01-25', 23, 0, 0, 0, 0, 0, 0, 0, 23, 22, 0),
(165, 60, '2023-01-27', 0, 0, 0, 0, 0, 1, 0, 0, 0, 0, 750),
(166, 60, '2023-01-31', 18, 0, 0, 2000, 0, 0, 0, 0, 18, 17, 0),
(167, 60, '2023-01-28', 0, 0, 0, 0, 0, 0, 14450, 0, 0, 0, 0),
(168, 61, '2023-01-18', 24, 0, 0, 0, 0, 0, 0, 0, 24, 23, 0),
(169, 61, '2023-01-20', 29, 0, 0, 0, 0, 0, 0, 0, 29, 28, 0),
(170, 61, '2023-01-23', 38, 0, 0, 0, 0, 0, 0, 0, 38, 36, 0),
(171, 61, '2023-01-31', 0, 0, 0, 0, 0, 0, 9000, 0, 0, 0, 0),
(172, 62, '2023-01-11', 20, 0, 0, 0, 0, 0, 0, 0, 20, 19, 0),
(173, 62, '2023-01-12', 17, 0, 0, 0, 0, 0, 0, 0, 17, 16, 0),
(174, 62, '2023-01-13', 13, 0, 0, 0, 0, 0, 0, 0, 13, 12, 0),
(175, 62, '2023-01-14', 8, 0, 0, 0, 0, 0, 0, 0, 8, 8, 0),
(176, 62, '2023-01-15', 10, 0, 0, 0, 0, 0, 0, 0, 10, 10, 0),
(177, 62, '2023-01-25', 22, 0, 0, 0, 0, 0, 0, 0, 22, 21, 0),
(178, 62, '2023-01-26', 16, 0, 0, 0, 0, 0, 0, 0, 16, 15, 0),
(179, 62, '2023-01-27', 18, 0, 0, 0, 0, 0, 0, 0, 18, 17, 0),
(180, 62, '2023-01-28', 12, 0, 0, 0, 0, 0, 0, 0, 12, 12, 0),
(181, 62, '2023-01-29', 9, 0, 0, 0, 0, 0, 0, 0, 9, 9, 0),
(182, 65, '2023-01-05', 25, 0, 0, 0, 0, 0, 0, 0, 25, 24, 0),
(183, 65, '2023-01-08', 14, 0, 0, 0, 0, 0, 0, 0, 14, 13, 0),
(184, 65, '2023-01-12', 28, 0, 0, 0, 0, 0, 0, 0, 28, 27, 0),
(185, 65, '2023-01-13', 26, 0, 0, 0, 0, 0, 0, 0, 26, 25, 0),
(186, 65, '2023-01-15', 14, 0, 0, 0, 0, 0, 0, 0, 14, 13, 0),
(187, 65, '2023-01-19', 23, 0, 0, 0, 0, 0, 0, 0, 23, 22, 0),
(188, 65, '2023-01-23', 18, 0, 0, 0, 0, 0, 0, 0, 18, 17, 0),
(189, 65, '2023-01-26', 19, 0, 0, 0, 0, 0, 0, 0, 19, 18, 0),
(190, 65, '2023-01-31', 14, 0, 0, 0, 0, 0, 0, 0, 14, 13, 0),
(191, 66, '2023-01-09', 18, 0, 0, 0, 0, 0, 0, 0, 18, 17, 0),
(192, 66, '2023-01-13', 0, 0, 0, 1000, 0, 0, 0, 0, 0, 0, 0),
(193, 66, '2023-01-19', 0, 0, 0, 1000, 0, 0, 0, 0, 0, 0, 0),
(194, 66, '2023-01-27', 0, 0, 0, 1000, 0, 0, 0, 0, 0, 0, 0),
(195, 66, '2023-01-28', 0, 0, 0, 1500, 0, 0, 0, 0, 0, 0, 0),
(196, 66, '2023-01-29', 0, 0, 0, 1000, 0, 0, 0, 0, 0, 0, 0),
(197, 67, '2023-01-07', 31, 0, 0, 0, 0, 0, 0, 0, 31, 30, 0),
(198, 67, '2023-01-08', 23, 0, 0, 0, 0, 0, 0, 0, 23, 22, 0),
(199, 67, '2023-01-09', 54, 0, 0, 0, 0, 0, 0, 0, 54, 52, 0),
(200, 67, '2023-01-16', 31, 0, 0, 0, 0, 0, 0, 0, 31, 30, 0),
(201, 67, '2023-01-17', 26, 0, 0, 0, 0, 0, 0, 0, 26, 25, 0),
(202, 67, '2023-01-19', 57, 0, 0, 0, 0, 0, 0, 0, 57, 55, 0),
(203, 67, '2023-01-25', 35, 0, 0, 0, 0, 0, 0, 0, 35, 34, 0),
(204, 67, '2023-01-27', 26, 0, 0, 0, 0, 0, 0, 0, 26, 25, 0),
(205, 67, '2023-01-29', 20, 0, 0, 0, 0, 0, 0, 0, 20, 19, 0),
(206, 67, '2023-01-30', 30, 0, 0, 0, 0, 0, 0, 0, 30, 29, 0),
(207, 68, '2023-01-12', 47, 0, 0, 0, 0, 0, 0, 0, 47, 45, 0),
(208, 68, '2023-01-22', 41, 0, 0, 0, 0, 0, 0, 0, 41, 39, 0),
(209, 70, '2023-01-15', 7, 0, 0, 0, 0, 0, 0, 0, 7, 7, 0),
(210, 70, '2023-01-28', 9, 0, 0, 0, 0, 0, 0, 0, 9, 9, 0),
(211, 71, '2023-01-01', 9, 0, 0, 0, 0, 0, 0, 0, 9, 9, 0),
(212, 71, '2023-01-07', 43, 0, 0, 0, 0, 0, 0, 0, 43, 41, 0),
(213, 71, '2023-01-08', 18, 0, 0, 0, 0, 0, 0, 0, 18, 17, 0),
(214, 71, '2023-01-09', 11, 0, 0, 0, 0, 0, 0, 0, 11, 11, 0),
(215, 71, '2023-01-10', 7, 0, 0, 0, 0, 0, 0, 0, 7, 7, 0),
(216, 71, '2023-01-11', 27, 0, 0, 0, 0, 0, 0, 0, 27, 26, 0),
(217, 71, '2023-01-12', 13, 0, 0, 0, 0, 0, 0, 0, 13, 12, 0),
(218, 71, '2023-01-13', 22, 0, 0, 0, 0, 0, 0, 0, 22, 21, 0),
(219, 71, '2023-01-16', 20, 0, 0, 0, 0, 0, 0, 0, 20, 19, 0),
(220, 71, '2023-01-18', 13, 0, 0, 0, 0, 0, 0, 0, 13, 12, 0),
(221, 71, '2023-01-19', 10, 0, 0, 0, 0, 0, 0, 0, 10, 10, 0),
(222, 71, '2023-01-21', 46, 0, 0, 0, 0, 0, 0, 0, 46, 44, 0),
(223, 71, '2023-01-22', 15, 0, 0, 0, 0, 0, 0, 0, 15, 14, 0),
(224, 71, '2023-01-23', 19, 0, 0, 0, 0, 0, 0, 0, 19, 18, 0),
(225, 71, '2023-01-25', 9, 0, 0, 0, 0, 0, 0, 0, 9, 9, 0),
(226, 71, '2023-01-28', 18, 0, 0, 0, 0, 0, 0, 0, 18, 17, 0),
(227, 71, '2023-01-29', 40, 0, 0, 0, 0, 0, 0, 0, 40, 38, 0),
(228, 71, '2023-01-30', 13, 0, 0, 0, 0, 0, 0, 0, 13, 12, 0),
(229, 72, '2023-01-01', 5, 0, 0, 0, 0, 0, 0, 0, 5, 5, 0),
(230, 72, '2023-01-03', 8, 0, 0, 0, 0, 0, 0, 0, 8, 8, 0),
(231, 72, '2023-01-04', 11, 0, 0, 0, 0, 0, 0, 0, 11, 11, 0),
(232, 72, '2023-01-05', 13, 0, 0, 0, 0, 0, 0, 0, 13, 12, 0),
(233, 72, '2023-01-13', 14, 0, 0, 0, 0, 0, 0, 0, 14, 13, 0),
(234, 72, '2023-01-16', 6, 0, 0, 0, 0, 0, 0, 0, 6, 6, 0),
(235, 72, '2023-01-17', 26, 0, 0, 0, 0, 0, 0, 0, 26, 25, 0),
(236, 72, '2023-01-19', 15, 0, 0, 0, 0, 0, 0, 0, 15, 14, 0),
(237, 72, '2023-01-20', 10, 0, 0, 0, 0, 0, 0, 0, 10, 10, 0),
(238, 72, '2023-01-28', 15, 0, 0, 0, 0, 0, 0, 0, 15, 14, 0),
(239, 72, '2023-01-31', 12, 0, 0, 0, 0, 0, 0, 0, 12, 12, 0),
(240, 73, '2023-01-01', 12, 0, 0, 0, 0, 0, 0, 0, 12, 12, 0),
(241, 73, '2023-01-02', 36, 0, 0, 0, 0, 0, 0, 0, 36, 35, 0),
(242, 73, '2023-01-13', 45, 0, 0, 0, 0, 0, 0, 0, 45, 43, 0),
(243, 73, '2023-01-21', 21, 0, 0, 0, 0, 0, 0, 0, 21, 20, 0),
(244, 73, '2023-01-23', 41, 0, 0, 0, 0, 0, 0, 0, 41, 39, 0),
(245, 73, '2023-01-30', 27, 0, 0, 0, 0, 0, 0, 0, 27, 26, 0),
(246, 73, '2023-01-31', 37, 0, 0, 0, 0, 0, 0, 0, 37, 36, 0),
(247, 74, '2023-01-04', 0, 0, 0, 0, 0, 1, 0, 0, 0, 0, 750),
(248, 74, '2023-01-13', 18, 0, 0, 0, 0, 0, 0, 0, 18, 17, 0),
(249, 74, '2023-01-27', 33, 0, 0, 1000, 0, 0, 0, 0, 33, 32, 0),
(250, 74, '2023-01-29', 12, 0, 0, 1500, 0, 0, 0, 0, 12, 12, 0),
(251, 75, '2023-01-07', 25, 0, 0, 0, 0, 0, 0, 0, 25, 24, 0),
(252, 75, '2023-01-10', 35, 0, 0, 0, 0, 0, 0, 0, 35, 34, 0),
(253, 75, '2023-01-21', 42, 0, 0, 0, 0, 0, 0, 0, 42, 40, 0),
(254, 75, '2023-01-25', 40, 0, 0, 0, 0, 0, 0, 0, 40, 38, 0),
(255, 36, '2023-01-08', 28, 0, 0, 0, 0, 0, 0, 0, 28, 27, 0),
(256, 36, '2023-01-15', 12, 0, 0, 0, 0, 0, 0, 0, 12, 12, 0),
(257, 36, '2023-01-21', 10, 0, 0, 0, 0, 0, 0, 0, 10, 10, 0),
(258, 36, '2023-01-29', 12, 0, 0, 0, 0, 0, 0, 0, 12, 12, 0),
(259, 37, '2023-01-11', 31, 0, 0, 1200, 0, 0, 0, 0, 31, 30, 0),
(260, 37, '2023-01-12', 8, 0, 0, 300, 0, 0, 0, 0, 8, 8, 0),
(261, 37, '2023-01-24', 26, 0, 0, 1000, 0, 0, 0, 0, 26, 25, 0),
(262, 37, '2023-01-25', 21, 0, 0, 800, 0, 0, 0, 0, 21, 20, 0),
(263, 38, '2023-01-04', 6, 0, 0, 0, 0, 0, 0, 0, 6, 6, 0),
(264, 38, '2023-01-14', 28, 0, 0, 0, 0, 0, 0, 0, 28, 27, 0),
(265, 38, '2023-01-31', 36, 0, 0, 0, 0, 0, 0, 0, 36, 35, 0),
(266, 39, '2023-01-03', 60, 0, 0, 0, 0, 0, 0, 0, 60, 58, 0),
(267, 39, '2023-01-04', 60, 0, 0, 0, 0, 0, 0, 0, 60, 58, 0),
(268, 39, '2023-01-10', 41, 0, 0, 0, 0, 0, 0, 0, 41, 39, 0),
(269, 39, '2023-01-11', 118, 2, 0, 0, 0, 0, 0, 0, 116, 113, 0),
(270, 39, '2023-01-13', 65, 0, 0, 0, 0, 0, 0, 0, 65, 62, 0),
(271, 39, '2023-01-17', 29, 0, 0, 0, 0, 0, 0, 0, 29, 28, 0),
(272, 39, '2023-01-18', 123, 0, 0, 0, 0, 0, 0, 0, 123, 118, 0),
(273, 39, '2023-01-19', 65, 0, 0, 0, 0, 0, 0, 0, 65, 62, 0),
(274, 39, '2023-01-22', 77, 0, 0, 0, 0, 0, 0, 0, 77, 74, 0),
(275, 39, '2023-01-23', 72, 0, 0, 0, 0, 0, 0, 0, 72, 69, 0),
(276, 39, '2023-01-24', 74, 2, 0, 0, 0, 0, 0, 0, 72, 71, 0),
(277, 39, '2023-01-25', 70, 0, 0, 0, 0, 0, 0, 0, 70, 67, 0),
(278, 39, '2023-01-29', 72, 0, 0, 0, 0, 0, 0, 0, 72, 69, 0),
(279, 39, '2023-01-30', 76, 0, 0, 0, 0, 0, 0, 0, 76, 73, 0),
(280, 39, '2023-01-31', 45, 0, 0, 0, 0, 0, 0, 0, 45, 43, 0),
(281, 40, '2023-01-04', 20, 0, 0, 0, 0, 0, 0, 0, 20, 19, 0),
(282, 40, '2023-01-16', 8, 0, 0, 0, 0, 0, 0, 0, 8, 8, 0),
(283, 40, '2023-01-31', 21, 0, 0, 0, 0, 0, 0, 0, 21, 20, 0),
(284, 41, '2023-01-12', 6, 0, 0, 0, 0, 0, 0, 0, 6, 6, 0),
(285, 41, '2023-01-26', 5, 0, 0, 0, 0, 0, 0, 0, 5, 5, 0),
(286, 43, '2023-01-04', 16, 0, 0, 0, 0, 0, 0, 0, 16, 15, 0),
(287, 43, '2023-01-07', 16, 0, 0, 0, 0, 0, 0, 0, 16, 15, 0),
(288, 43, '2023-01-14', 18, 0, 0, 0, 0, 0, 0, 0, 18, 17, 0),
(289, 43, '2023-01-25', 28, 0, 0, 0, 0, 0, 0, 0, 28, 27, 0),
(290, 45, '2023-01-11', 42, 0, 0, 0, 0, 0, 0, 0, 42, 40, 0),
(291, 45, '2023-01-23', 40, 0, 0, 0, 0, 0, 0, 0, 40, 38, 0),
(292, 45, '2023-01-31', 41, 0, 0, 0, 0, 0, 0, 0, 41, 39, 0),
(293, 46, '2023-01-09', 12, 0, 0, 0, 0, 0, 0, 0, 12, 12, 0),
(294, 46, '2023-01-14', 2, 0, 0, 0, 0, 0, 0, 0, 2, 2, 0),
(295, 47, '2023-01-04', 62, 0, 0, 0, 0, 0, 0, 0, 62, 60, 0),
(296, 47, '2023-01-07', 20, 0, 0, 0, 0, 0, 0, 0, 20, 19, 0),
(297, 47, '2023-01-09', 20, 0, 0, 0, 0, 0, 0, 0, 20, 19, 0),
(298, 47, '2023-01-11', 21, 0, 0, 0, 0, 0, 0, 0, 21, 20, 0),
(299, 47, '2023-01-12', 7, 0, 0, 0, 0, 0, 0, 0, 7, 7, 0),
(300, 47, '2023-01-16', 39, 0, 0, 0, 0, 0, 0, 0, 39, 37, 0),
(301, 47, '2023-01-17', 14, 0, 0, 0, 0, 0, 0, 0, 14, 13, 0),
(302, 47, '2023-01-21', 21, 0, 0, 0, 0, 0, 0, 0, 21, 20, 0),
(303, 47, '2023-01-23', 16, 0, 0, 0, 0, 0, 0, 0, 16, 15, 0),
(304, 47, '2023-01-26', 16, 0, 0, 0, 0, 0, 0, 0, 16, 15, 0),
(305, 47, '2023-01-31', 52, 0, 0, 0, 0, 1, 0, 0, 52, 50, 750),
(306, 50, '2023-01-07', 19, 0, 0, 0, 0, 0, 0, 0, 19, 18, 0),
(307, 50, '2023-01-19', 17, 0, 0, 0, 0, 0, 0, 0, 17, 16, 0),
(308, 50, '2023-01-31', 16, 0, 0, 0, 0, 0, 0, 0, 16, 15, 0),
(309, 51, '2023-01-18', 16, 0, 0, 0, 0, 0, 0, 0, 16, 15, 0),
(310, 53, '2023-01-03', 60, 0, 0, 0, 0, 0, 0, 0, 60, 58, 0),
(311, 53, '2023-01-13', 87, 0, 0, 0, 0, 0, 0, 0, 87, 84, 0),
(312, 53, '2023-01-16', 113, 0, 0, 0, 0, 0, 0, 0, 113, 108, 0),
(313, 53, '2023-01-17', 109, 0, 0, 0, 0, 0, 0, 0, 109, 105, 0),
(314, 53, '2023-01-26', 45, 0, 0, 0, 0, 0, 0, 0, 45, 43, 0),
(315, 53, '2023-01-30', 69, 0, 0, 0, 0, 0, 0, 0, 69, 66, 0),
(316, 54, '2023-01-07', 10, 0, 0, 0, 0, 0, 0, 0, 10, 10, 0),
(317, 54, '2023-01-17', 8, 0, 0, 0, 0, 0, 0, 0, 8, 8, 0),
(318, 54, '2023-01-26', 7, 0, 0, 0, 0, 0, 0, 0, 7, 7, 0),
(319, 55, '2023-01-05', 30, 0, 0, 0, 0, 0, 0, 0, 30, 29, 0),
(320, 55, '2023-01-16', 32, 0, 0, 0, 0, 0, 0, 0, 32, 31, 0),
(321, 55, '2023-01-25', 34, 0, 0, 0, 0, 0, 0, 0, 34, 33, 0);

--
-- Indexes for dumped tables
--

--
-- Indexes for table `arrearstable`
--
ALTER TABLE `arrearstable`
  ADD PRIMARY KEY (`customerID`);

--
-- Indexes for table `customer`
--
ALTER TABLE `customer`
  ADD PRIMARY KEY (`customerID`);

--
-- Indexes for table `invoicetable`
--
ALTER TABLE `invoicetable`
  ADD PRIMARY KEY (`invoiceNumber`);

--
-- Indexes for table `loginpassword`
--
ALTER TABLE `loginpassword`
  ADD PRIMARY KEY (`pwid`);

--
-- Indexes for table `loginreport`
--
ALTER TABLE `loginreport`
  ADD PRIMARY KEY (`loginID`);

--
-- Indexes for table `settingspagetable`
--
ALTER TABLE `settingspagetable`
  ADD PRIMARY KEY (`pk`);

--
-- Indexes for table `tealeafcollectreal`
--
ALTER TABLE `tealeafcollectreal`
  ADD PRIMARY KEY (`collectionID`);

--
-- AUTO_INCREMENT for dumped tables
--

--
-- AUTO_INCREMENT for table `invoicetable`
--
ALTER TABLE `invoicetable`
  MODIFY `invoiceNumber` int(11) NOT NULL AUTO_INCREMENT;

--
-- AUTO_INCREMENT for table `loginreport`
--
ALTER TABLE `loginreport`
  MODIFY `loginID` int(11) NOT NULL AUTO_INCREMENT, AUTO_INCREMENT=21;

--
-- AUTO_INCREMENT for table `tealeafcollectreal`
--
ALTER TABLE `tealeafcollectreal`
  MODIFY `collectionID` int(11) NOT NULL AUTO_INCREMENT, AUTO_INCREMENT=323;
COMMIT;

/*!40101 SET CHARACTER_SET_CLIENT=@OLD_CHARACTER_SET_CLIENT */;
/*!40101 SET CHARACTER_SET_RESULTS=@OLD_CHARACTER_SET_RESULTS */;
/*!40101 SET COLLATION_CONNECTION=@OLD_COLLATION_CONNECTION */;
